C-A10-0;C-B00-0;C-C11-0;F-ISIS-568
A10-1982;B00-1;C11-1;129951
A10-1982;B00-1;C11-2;140571
A10-1982;B00-1;Total;270522
A10-1982;B00-2;C11-1;258738
A10-1982;B00-2;C11-2;279179
A10-1982;B00-2;Total;537917
A10-1982;B00-3;C11-1;687036
A10-1982;B00-3;C11-2;749121
A10-1982;B00-3;Total;1436157
A10-1982;B00-4;C11-1;612958
A10-1982;B00-4;C11-2;663793
A10-1982;B00-4;Total;1276751
A10-1982;B00-5;C11-1;212673
A10-1982;B00-5;C11-2;233449
A10-1982;B00-5;Total;446122
A10-1982;B00-6;C11-1;568402
A10-1982;B00-6;C11-2;620450
A10-1982;B00-6;Total;1188852
A10-1982;B00-7;C11-1;285297
A10-1982;B00-7;C11-2;306201
A10-1982;B00-7;Total;591498
A10-1982;B00-8;C11-1;149713
A10-1982;B00-8;C11-2;156976
A10-1982;B00-8;Total;306689
A10-1982;B00-9;C11-1;681669
A10-1982;B00-9;C11-2;837963
A10-1982;B00-9;Total;1519632
A10-1982;Total;C11-1;3586437
A10-1982;Total;C11-2;3987703
A10-1982;Total;Total;7574140
A10-1983;B00-1;C11-1;129647
A10-1983;B00-1;C11-2;140315
A10-1983;B00-1;Total;269962
A10-1983;B00-2;C11-1;259543
A10-1983;B00-2;C11-2;279864
A10-1983;B00-2;Total;539407
A10-1983;B00-3;C11-1;686146
A10-1983;B00-3;C11-2;747100
A10-1983;B00-3;Total;1433246
A10-1983;B00-4;C11-1;613724
A10-1983;B00-4;C11-2;664284
A10-1983;B00-4;Total;1278008
A10-1983;B00-5;C11-1;214001
A10-1983;B00-5;C11-2;235140
A10-1983;B00-5;Total;449141
A10-1983;B00-6;C11-1;566600
A10-1983;B00-6;C11-2;618230
A10-1983;B00-6;Total;1184830
A10-1983;B00-7;C11-1;287085
A10-1983;B00-7;C11-2;307886
A10-1983;B00-7;Total;594971
A10-1983;B00-8;C11-1;149859
A10-1983;B00-8;C11-2;157229
A10-1983;B00-8;Total;307088
A10-1983;B00-9;C11-1;676401
A10-1983;B00-9;C11-2;828856
A10-1983;B00-9;Total;1505257
A10-1983;Total;C11-1;3583006
A10-1983;Total;C11-2;3978904
A10-1983;Total;Total;7561910
A10-1984;B00-1;C11-1;129494
A10-1984;B00-1;C11-2;140155
A10-1984;B00-1;Total;269649
A10-1984;B00-2;C11-1;260041
A10-1984;B00-2;C11-2;280329
A10-1984;B00-2;Total;540370
A10-1984;B00-3;C11-1;686901
A10-1984;B00-3;C11-2;746635
A10-1984;B00-3;Total;1433536
A10-1984;B00-4;C11-1;614890
A10-1984;B00-4;C11-2;664850
A10-1984;B00-4;Total;1279740
A10-1984;B00-5;C11-1;215433
A10-1984;B00-5;C11-2;236773
A10-1984;B00-5;Total;452206
A10-1984;B00-6;C11-1;565917
A10-1984;B00-6;C11-2;616892
A10-1984;B00-6;Total;1182809
A10-1984;B00-7;C11-1;288549
A10-1984;B00-7;C11-2;309416
A10-1984;B00-7;Total;597965
A10-1984;B00-8;C11-1;150242
A10-1984;B00-8;C11-2;157557
A10-1984;B00-8;Total;307799
A10-1984;B00-9;C11-1;674303
A10-1984;B00-9;C11-2;823057
A10-1984;B00-9;Total;1497360
A10-1984;Total;C11-1;3585770
A10-1984;Total;C11-2;3975664
A10-1984;Total;Total;7561434
A10-1985;B00-1;C11-1;129482
A10-1985;B00-1;C11-2;140053
A10-1985;B00-1;Total;269535
A10-1985;B00-2;C11-1;260270
A10-1985;B00-2;C11-2;280499
A10-1985;B00-2;Total;540769
A10-1985;B00-3;C11-1;688353
A10-1985;B00-3;C11-2;746515
A10-1985;B00-3;Total;1434868
A10-1985;B00-4;C11-1;616167
A10-1985;B00-4;C11-2;665396
A10-1985;B00-4;Total;1281563
A10-1985;B00-5;C11-1;216808
A10-1985;B00-5;C11-2;238304
A10-1985;B00-5;Total;455112
A10-1985;B00-6;C11-1;565275
A10-1985;B00-6;C11-2;615244
A10-1985;B00-6;Total;1180519
A10-1985;B00-7;C11-1;289865
A10-1985;B00-7;C11-2;310801
A10-1985;B00-7;Total;600666
A10-1985;B00-8;C11-1;150949
A10-1985;B00-8;C11-2;158094
A10-1985;B00-8;Total;309043
A10-1985;B00-9;C11-1;674080
A10-1985;B00-9;C11-2;818829
A10-1985;B00-9;Total;1492909
A10-1985;Total;C11-1;3591249
A10-1985;Total;C11-2;3973735
A10-1985;Total;Total;7564984
A10-1986;B00-1;C11-1;129481
A10-1986;B00-1;C11-2;139775
A10-1986;B00-1;Total;269256
A10-1986;B00-2;C11-1;260638
A10-1986;B00-2;C11-2;280682
A10-1986;B00-2;Total;541320
A10-1986;B00-3;C11-1;690419
A10-1986;B00-3;C11-2;746470
A10-1986;B00-3;Total;1436889
A10-1986;B00-4;C11-1;617503
A10-1986;B00-4;C11-2;665748
A10-1986;B00-4;Total;1283251
A10-1986;B00-5;C11-1;218182
A10-1986;B00-5;C11-2;239629
A10-1986;B00-5;Total;457811
A10-1986;B00-6;C11-1;564548
A10-1986;B00-6;C11-2;613498
A10-1986;B00-6;Total;1178046
A10-1986;B00-7;C11-1;291462
A10-1986;B00-7;C11-2;312302
A10-1986;B00-7;Total;603764
A10-1986;B00-8;C11-1;152148
A10-1986;B00-8;C11-2;159089
A10-1986;B00-8;Total;311237
A10-1986;B00-9;C11-1;673908
A10-1986;B00-9;C11-2;814312
A10-1986;B00-9;Total;1488220
A10-1986;Total;C11-1;3598289
A10-1986;Total;C11-2;3971505
A10-1986;Total;Total;7569794
A10-1987;B00-1;C11-1;129694
A10-1987;B00-1;C11-2;139600
A10-1987;B00-1;Total;269294
A10-1987;B00-2;C11-1;261123
A10-1987;B00-2;C11-2;280913
A10-1987;B00-2;Total;542036
A10-1987;B00-3;C11-1;692326
A10-1987;B00-3;C11-2;746379
A10-1987;B00-3;Total;1438705
A10-1987;B00-4;C11-1;618552
A10-1987;B00-4;C11-2;665690
A10-1987;B00-4;Total;1284242
A10-1987;B00-5;C11-1;219597
A10-1987;B00-5;C11-2;240786
A10-1987;B00-5;Total;460383
A10-1987;B00-6;C11-1;563422
A10-1987;B00-6;C11-2;611493
A10-1987;B00-6;Total;1174915
A10-1987;B00-7;C11-1;293184
A10-1987;B00-7;C11-2;313746
A10-1987;B00-7;Total;606930
A10-1987;B00-8;C11-1;153196
A10-1987;B00-8;C11-2;160000
A10-1987;B00-8;Total;313196
A10-1987;B00-9;C11-1;674362
A10-1987;B00-9;C11-2;810523
A10-1987;B00-9;Total;1484885
A10-1987;Total;C11-1;3605456
A10-1987;Total;C11-2;3969130
A10-1987;Total;Total;7574586
A10-1988;B00-1;C11-1;130036
A10-1988;B00-1;C11-2;139512
A10-1988;B00-1;Total;269548
A10-1988;B00-2;C11-1;261555
A10-1988;B00-2;C11-2;281006
A10-1988;B00-2;Total;542561
A10-1988;B00-3;C11-1;694477
A10-1988;B00-3;C11-2;746640
A10-1988;B00-3;Total;1441117
A10-1988;B00-4;C11-1;620170
A10-1988;B00-4;C11-2;666162
A10-1988;B00-4;Total;1286332
A10-1988;B00-5;C11-1;221087
A10-1988;B00-5;C11-2;241954
A10-1988;B00-5;Total;463041
A10-1988;B00-6;C11-1;562553
A10-1988;B00-6;C11-2;609433
A10-1988;B00-6;Total;1171986
A10-1988;B00-7;C11-1;295073
A10-1988;B00-7;C11-2;315234
A10-1988;B00-7;Total;610307
A10-1988;B00-8;C11-1;154347
A10-1988;B00-8;C11-2;161072
A10-1988;B00-8;Total;315419
A10-1988;B00-9;C11-1;676624
A10-1988;B00-9;C11-2;808382
A10-1988;B00-9;Total;1485006
A10-1988;Total;C11-1;3615922
A10-1988;Total;C11-2;3969395
A10-1988;Total;Total;7585317
A10-1989;B00-1;C11-1;130541
A10-1989;B00-1;C11-2;139612
A10-1989;B00-1;Total;270153
A10-1989;B00-2;C11-1;262427
A10-1989;B00-2;C11-2;281485
A10-1989;B00-2;Total;543912
A10-1989;B00-3;C11-1;699714
A10-1989;B00-3;C11-2;749780
A10-1989;B00-3;Total;1449494
A10-1989;B00-4;C11-1;624071
A10-1989;B00-4;C11-2;668482
A10-1989;B00-4;Total;1292553
A10-1989;B00-5;C11-1;223858
A10-1989;B00-5;C11-2;244302
A10-1989;B00-5;Total;468160
A10-1989;B00-6;C11-1;562353
A10-1989;B00-6;C11-2;607836
A10-1989;B00-6;Total;1170189
A10-1989;B00-7;C11-1;297928
A10-1989;B00-7;C11-2;317502
A10-1989;B00-7;Total;615430
A10-1989;B00-8;C11-1;157047
A10-1989;B00-8;C11-2;163423
A10-1989;B00-8;Total;320470
A10-1989;B00-9;C11-1;681087
A10-1989;B00-9;C11-2;808118
A10-1989;B00-9;Total;1489205
A10-1989;Total;C11-1;3639026
A10-1989;Total;C11-2;3980540
A10-1989;Total;Total;7619566
A10-1990;B00-1;C11-1;131221
A10-1990;B00-1;C11-2;139912
A10-1990;B00-1;Total;271133
A10-1990;B00-2;C11-1;263865
A10-1990;B00-2;C11-2;282498
A10-1990;B00-2;Total;546363
A10-1990;B00-3;C11-1;708274
A10-1990;B00-3;C11-2;755516
A10-1990;B00-3;Total;1463790
A10-1990;B00-4;C11-1;631147
A10-1990;B00-4;C11-2;672911
A10-1990;B00-4;Total;1304058
A10-1990;B00-5;C11-1;228178
A10-1990;B00-5;C11-2;248111
A10-1990;B00-5;Total;476289
A10-1990;B00-6;C11-1;563445
A10-1990;B00-6;C11-2;607186
A10-1990;B00-6;Total;1170631
A10-1990;B00-7;C11-1;301194
A10-1990;B00-7;C11-2;320086
A10-1990;B00-7;Total;621280
A10-1990;B00-8;C11-1;160511
A10-1990;B00-8;C11-2;166083
A10-1990;B00-8;Total;326594
A10-1990;B00-9;C11-1;687724
A10-1990;B00-9;C11-2;809988
A10-1990;B00-9;Total;1497712
A10-1990;Total;C11-1;3675559
A10-1990;Total;C11-2;4002291
A10-1990;Total;Total;7677850
A10-1991;B00-1;C11-1;132333
A10-1991;B00-1;C11-2;140618
A10-1991;B00-1;Total;272951
A10-1991;B00-2;C11-1;265788
A10-1991;B00-2;C11-2;284254
A10-1991;B00-2;Total;550042
A10-1991;B00-3;C11-1;717382
A10-1991;B00-3;C11-2;761805
A10-1991;B00-3;Total;1479187
A10-1991;B00-4;C11-1;640792
A10-1991;B00-4;C11-2;679775
A10-1991;B00-4;Total;1320567
A10-1991;B00-5;C11-1;232886
A10-1991;B00-5;C11-2;251921
A10-1991;B00-5;Total;484807
A10-1991;B00-6;C11-1;566310
A10-1991;B00-6;C11-2;608214
A10-1991;B00-6;Total;1174524
A10-1991;B00-7;C11-1;304942
A10-1991;B00-7;C11-2;323342
A10-1991;B00-7;Total;628284
A10-1991;B00-8;C11-1;163576
A10-1991;B00-8;C11-2;168354
A10-1991;B00-8;Total;331930
A10-1991;B00-9;C11-1;697366
A10-1991;B00-9;C11-2;815233
A10-1991;B00-9;Total;1512599
A10-1991;Total;C11-1;3721375
A10-1991;Total;C11-2;4033516
A10-1991;Total;Total;7754891
A10-1992;B00-1;C11-1;133506
A10-1992;B00-1;C11-2;141437
A10-1992;B00-1;Total;274943
A10-1992;B00-2;C11-1;268383
A10-1992;B00-2;C11-2;286848
A10-1992;B00-2;Total;555231
A10-1992;B00-3;C11-1;726621
A10-1992;B00-3;C11-2;768787
A10-1992;B00-3;Total;1495408
A10-1992;B00-4;C11-1;650255
A10-1992;B00-4;C11-2;687706
A10-1992;B00-4;Total;1337961
A10-1992;B00-5;C11-1;237908
A10-1992;B00-5;C11-2;255824
A10-1992;B00-5;Total;493732
A10-1992;B00-6;C11-1;570463
A10-1992;B00-6;C11-2;610622
A10-1992;B00-6;Total;1181085
A10-1992;B00-7;C11-1;309065
A10-1992;B00-7;C11-2;327145
A10-1992;B00-7;Total;636210
A10-1992;B00-8;C11-1;165862
A10-1992;B00-8;C11-2;170298
A10-1992;B00-8;Total;336160
A10-1992;B00-9;C11-1;707835
A10-1992;B00-9;C11-2;822144
A10-1992;B00-9;Total;1529979
A10-1992;Total;C11-1;3769898
A10-1992;Total;C11-2;4070811
A10-1992;Total;Total;7840709
A10-1993;B00-1;C11-1;134165
A10-1993;B00-1;C11-2;141793
A10-1993;B00-1;Total;275958
A10-1993;B00-2;C11-1;270296
A10-1993;B00-2;C11-2;288639
A10-1993;B00-2;Total;558935
A10-1993;B00-3;C11-1;734095
A10-1993;B00-3;C11-2;774125
A10-1993;B00-3;Total;1508220
A10-1993;B00-4;C11-1;657103
A10-1993;B00-4;C11-2;693711
A10-1993;B00-4;Total;1350814
A10-1993;B00-5;C11-1;242054
A10-1993;B00-5;C11-2;259161
A10-1993;B00-5;Total;501215
A10-1993;B00-6;C11-1;573407
A10-1993;B00-6;C11-2;612079
A10-1993;B00-6;Total;1185486
A10-1993;B00-7;C11-1;312584
A10-1993;B00-7;C11-2;330309
A10-1993;B00-7;Total;642893
A10-1993;B00-8;C11-1;167212
A10-1993;B00-8;C11-2;171428
A10-1993;B00-8;Total;338640
A10-1993;B00-9;C11-1;716151
A10-1993;B00-9;C11-2;827320
A10-1993;B00-9;Total;1543471
A10-1993;Total;C11-1;3807067
A10-1993;Total;C11-2;4098565
A10-1993;Total;Total;7905632
A10-1994;B00-1;C11-1;134841
A10-1994;B00-1;C11-2;142067
A10-1994;B00-1;Total;276908
A10-1994;B00-2;C11-1;270946
A10-1994;B00-2;C11-2;289270
A10-1994;B00-2;Total;560216
A10-1994;B00-3;C11-1;738478
A10-1994;B00-3;C11-2;776968
A10-1994;B00-3;Total;1515446
A10-1994;B00-4;C11-1;661002
A10-1994;B00-4;C11-2;696802
A10-1994;B00-4;Total;1357804
A10-1994;B00-5;C11-1;244374
A10-1994;B00-5;C11-2;260864
A10-1994;B00-5;Total;505238
A10-1994;B00-6;C11-1;574100
A10-1994;B00-6;C11-2;612022
A10-1994;B00-6;Total;1186122
A10-1994;B00-7;C11-1;315215
A10-1994;B00-7;C11-2;332639
A10-1994;B00-7;Total;647854
A10-1994;B00-8;C11-1;168231
A10-1994;B00-8;C11-2;172240
A10-1994;B00-8;Total;340471
A10-1994;B00-9;C11-1;718858
A10-1994;B00-9;C11-2;827201
A10-1994;B00-9;Total;1546059
A10-1994;Total;C11-1;3826045
A10-1994;Total;C11-2;4110073
A10-1994;Total;Total;7936118
A10-1995;B00-1;C11-1;135367
A10-1995;B00-1;C11-2;142322
A10-1995;B00-1;Total;277689
A10-1995;B00-2;C11-1;271347
A10-1995;B00-2;C11-2;289934
A10-1995;B00-2;Total;561281
A10-1995;B00-3;C11-1;741504
A10-1995;B00-3;C11-2;779133
A10-1995;B00-3;Total;1520637
A10-1995;B00-4;C11-1;662984
A10-1995;B00-4;C11-2;697983
A10-1995;B00-4;Total;1360967
A10-1995;B00-5;C11-1;245600
A10-1995;B00-5;C11-2;261854
A10-1995;B00-5;Total;507454
A10-1995;B00-6;C11-1;574233
A10-1995;B00-6;C11-2;611597
A10-1995;B00-6;Total;1185830
A10-1995;B00-7;C11-1;317102
A10-1995;B00-7;C11-2;334537
A10-1995;B00-7;Total;651639
A10-1995;B00-8;C11-1;168918
A10-1995;B00-8;C11-2;173033
A10-1995;B00-8;Total;341951
A10-1995;B00-9;C11-1;717020
A10-1995;B00-9;C11-2;823810
A10-1995;B00-9;Total;1540830
A10-1995;Total;C11-1;3834075
A10-1995;Total;C11-2;4114203
A10-1995;Total;Total;7948278
A10-1996;B00-1;C11-1;135406
A10-1996;B00-1;C11-2;142297
A10-1996;B00-1;Total;277703
A10-1996;B00-2;C11-1;271442
A10-1996;B00-2;C11-2;290261
A10-1996;B00-2;Total;561703
A10-1996;B00-3;C11-1;743090
A10-1996;B00-3;C11-2;780446
A10-1996;B00-3;Total;1523536
A10-1996;B00-4;C11-1;664107
A10-1996;B00-4;C11-2;698490
A10-1996;B00-4;Total;1362597
A10-1996;B00-5;C11-1;246266
A10-1996;B00-5;C11-2;262891
A10-1996;B00-5;Total;509157
A10-1996;B00-6;C11-1;574180
A10-1996;B00-6;C11-2;610886
A10-1996;B00-6;Total;1185066
A10-1996;B00-7;C11-1;318963
A10-1996;B00-7;C11-2;336565
A10-1996;B00-7;Total;655528
A10-1996;B00-8;C11-1;169348
A10-1996;B00-8;C11-2;173787
A10-1996;B00-8;Total;343135
A10-1996;B00-9;C11-1;717682
A10-1996;B00-9;C11-2;822909
A10-1996;B00-9;Total;1540591
A10-1996;Total;C11-1;3840484
A10-1996;Total;C11-2;4118532
A10-1996;Total;Total;7959016
A10-1997;B00-1;C11-1;135257
A10-1997;B00-1;C11-2;142111
A10-1997;B00-1;Total;277368
A10-1997;B00-2;C11-1;271153
A10-1997;B00-2;C11-2;290127
A10-1997;B00-2;Total;561280
A10-1997;B00-3;C11-1;744005
A10-1997;B00-3;C11-2;781549
A10-1997;B00-3;Total;1525554
A10-1997;B00-4;C11-1;664884
A10-1997;B00-4;C11-2;698959
A10-1997;B00-4;Total;1363843
A10-1997;B00-5;C11-1;246634
A10-1997;B00-5;C11-2;263867
A10-1997;B00-5;Total;510501
A10-1997;B00-6;C11-1;573990
A10-1997;B00-6;C11-2;610320
A10-1997;B00-6;Total;1184310
A10-1997;B00-7;C11-1;320808
A10-1997;B00-7;C11-2;338480
A10-1997;B00-7;Total;659288
A10-1997;B00-8;C11-1;169855
A10-1997;B00-8;C11-2;174499
A10-1997;B00-8;Total;344354
A10-1997;B00-9;C11-1;719576
A10-1997;B00-9;C11-2;821967
A10-1997;B00-9;Total;1541543
A10-1997;Total;C11-1;3846162
A10-1997;Total;C11-2;4121879
A10-1997;Total;Total;7968041
A10-1998;B00-1;C11-1;135085
A10-1998;B00-1;C11-2;141888
A10-1998;B00-1;Total;276973
A10-1998;B00-2;C11-1;270886
A10-1998;B00-2;C11-2;290086
A10-1998;B00-2;Total;560972
A10-1998;B00-3;C11-1;745654
A10-1998;B00-3;C11-2;783151
A10-1998;B00-3;Total;1528805
A10-1998;B00-4;C11-1;665802
A10-1998;B00-4;C11-2;699639
A10-1998;B00-4;Total;1365441
A10-1998;B00-5;C11-1;246776
A10-1998;B00-5;C11-2;264331
A10-1998;B00-5;Total;511107
A10-1998;B00-6;C11-1;573889
A10-1998;B00-6;C11-2;609813
A10-1998;B00-6;Total;1183702
A10-1998;B00-7;C11-1;322381
A10-1998;B00-7;C11-2;340090
A10-1998;B00-7;Total;662471
A10-1998;B00-8;C11-1;170500
A10-1998;B00-8;C11-2;175266
A10-1998;B00-8;Total;345766
A10-1998;B00-9;C11-1;721193
A10-1998;B00-9;C11-2;820359
A10-1998;B00-9;Total;1541552
A10-1998;Total;C11-1;3852166
A10-1998;Total;C11-2;4124623
A10-1998;Total;Total;7976789
A10-1999;B00-1;C11-1;134859
A10-1999;B00-1;C11-2;141627
A10-1999;B00-1;Total;276486
A10-1999;B00-2;C11-1;270762
A10-1999;B00-2;C11-2;290059
A10-1999;B00-2;Total;560821
A10-1999;B00-3;C11-1;747821
A10-1999;B00-3;C11-2;785099
A10-1999;B00-3;Total;1532920
A10-1999;B00-4;C11-1;667427
A10-1999;B00-4;C11-2;700872
A10-1999;B00-4;Total;1368299
A10-1999;B00-5;C11-1;247257
A10-1999;B00-5;C11-2;264792
A10-1999;B00-5;Total;512049
A10-1999;B00-6;C11-1;573816
A10-1999;B00-6;C11-2;609330
A10-1999;B00-6;Total;1183146
A10-1999;B00-7;C11-1;324077
A10-1999;B00-7;C11-2;341696
A10-1999;B00-7;Total;665773
A10-1999;B00-8;C11-1;171342
A10-1999;B00-8;C11-2;176101
A10-1999;B00-8;Total;347443
A10-1999;B00-9;C11-1;724819
A10-1999;B00-9;C11-2;820567
A10-1999;B00-9;Total;1545386
A10-1999;Total;C11-1;3862180
A10-1999;Total;C11-2;4130143
A10-1999;Total;Total;7992323
A10-2000;B00-1;C11-1;134638
A10-2000;B00-1;C11-2;141445
A10-2000;B00-1;Total;276083
A10-2000;B00-2;C11-1;270485
A10-2000;B00-2;C11-2;289644
A10-2000;B00-2;Total;560129
A10-2000;B00-3;C11-1;750145
A10-2000;B00-3;C11-2;787121
A10-2000;B00-3;Total;1537266
A10-2000;B00-4;C11-1;669317
A10-2000;B00-4;C11-2;702262
A10-2000;B00-4;Total;1371579
A10-2000;B00-5;C11-1;248202
A10-2000;B00-5;C11-2;265651
A10-2000;B00-5;Total;513853
A10-2000;B00-6;C11-1;573778
A10-2000;B00-6;C11-2;608906
A10-2000;B00-6;Total;1182684
A10-2000;B00-7;C11-1;326010
A10-2000;B00-7;C11-2;343469
A10-2000;B00-7;Total;669479
A10-2000;B00-8;C11-1;172246
A10-2000;B00-8;C11-2;177011
A10-2000;B00-8;Total;349257
A10-2000;B00-9;C11-1;729896
A10-2000;B00-9;C11-2;821340
A10-2000;B00-9;Total;1551236
A10-2000;Total;C11-1;3874717
A10-2000;Total;C11-2;4136849
A10-2000;Total;Total;8011566
A10-2001;B00-1;C11-1;134833
A10-2001;B00-1;C11-2;141498
A10-2001;B00-1;Total;276331
A10-2001;B00-2;C11-1;270394
A10-2001;B00-2;C11-2;289351
A10-2001;B00-2;Total;559745
A10-2001;B00-3;C11-1;752593
A10-2001;B00-3;C11-2;789440
A10-2001;B00-3;Total;1542033
A10-2001;B00-4;C11-1;671437
A10-2001;B00-4;C11-2;704036
A10-2001;B00-4;Total;1375473
A10-2001;B00-5;C11-1;249385
A10-2001;B00-5;C11-2;266564
A10-2001;B00-5;Total;515949
A10-2001;B00-6;C11-1;575633
A10-2001;B00-6;C11-2;609642
A10-2001;B00-6;Total;1185275
A10-2001;B00-7;C11-1;328200
A10-2001;B00-7;C11-2;345395
A10-2001;B00-7;Total;673595
A10-2001;B00-8;C11-1;173376
A10-2001;B00-8;C11-2;177980
A10-2001;B00-8;Total;351356
A10-2001;B00-9;C11-1;738069
A10-2001;B00-9;C11-2;824467
A10-2001;B00-9;Total;1562536
A10-2001;Total;C11-1;3893920
A10-2001;Total;C11-2;4148373
A10-2001;Total;Total;8042293
A10-2002;B00-1;C11-1;134977
A10-2002;B00-1;C11-2;141520
A10-2002;B00-1;Total;276497
A10-2002;B00-2;C11-1;270182
A10-2002;B00-2;C11-2;288997
A10-2002;B00-2;Total;559179
A10-2002;B00-3;C11-1;755438
A10-2002;B00-3;C11-2;791585
A10-2002;B00-3;Total;1547023
A10-2002;B00-4;C11-1;674613
A10-2002;B00-4;C11-2;705948
A10-2002;B00-4;Total;1380561
A10-2002;B00-5;C11-1;249995
A10-2002;B00-5;C11-2;266769
A10-2002;B00-5;Total;516764
A10-2002;B00-6;C11-1;578151
A10-2002;B00-6;C11-2;610410
A10-2002;B00-6;Total;1188561
A10-2002;B00-7;C11-1;330244
A10-2002;B00-7;C11-2;346816
A10-2002;B00-7;Total;677060
A10-2002;B00-8;C11-1;174552
A10-2002;B00-8;C11-2;179083
A10-2002;B00-8;Total;353635
A10-2002;B00-9;C11-1;750788
A10-2002;B00-9;C11-2;832053
A10-2002;B00-9;Total;1582841
A10-2002;Total;C11-1;3918940
A10-2002;Total;C11-2;4163181
A10-2002;Total;Total;8082121
A10-2003;B00-1;C11-1;135042
A10-2003;B00-1;C11-2;141439
A10-2003;B00-1;Total;276481
A10-2003;B00-2;C11-1;269866
A10-2003;B00-2;C11-2;288453
A10-2003;B00-2;Total;558319
A10-2003;B00-3;C11-1;758829
A10-2003;B00-3;C11-2;794067
A10-2003;B00-3;Total;1552896
A10-2003;B00-4;C11-1;677529
A10-2003;B00-4;C11-2;707559
A10-2003;B00-4;Total;1385088
A10-2003;B00-5;C11-1;250739
A10-2003;B00-5;C11-2;267169
A10-2003;B00-5;Total;517908
A10-2003;B00-6;C11-1;579464
A10-2003;B00-6;C11-2;610875
A10-2003;B00-6;Total;1190339
A10-2003;B00-7;C11-1;332274
A10-2003;B00-7;C11-2;348431
A10-2003;B00-7;Total;680705
A10-2003;B00-8;C11-1;175498
A10-2003;B00-8;C11-2;180123
A10-2003;B00-8;Total;355621
A10-2003;B00-9;C11-1;761044
A10-2003;B00-9;C11-2;839844
A10-2003;B00-9;Total;1600888
A10-2003;Total;C11-1;3940285
A10-2003;Total;C11-2;4177960
A10-2003;Total;Total;8118245
A10-2004;B00-1;C11-1;135570
A10-2004;B00-1;C11-2;141817
A10-2004;B00-1;Total;277387
A10-2004;B00-2;C11-1;270023
A10-2004;B00-2;C11-2;288408
A10-2004;B00-2;Total;558431
A10-2004;B00-3;C11-1;764148
A10-2004;B00-3;C11-2;798765
A10-2004;B00-3;Total;1562913
A10-2004;B00-4;C11-1;680979
A10-2004;B00-4;C11-2;710342
A10-2004;B00-4;Total;1391321
A10-2004;B00-5;C11-1;252306
A10-2004;B00-5;C11-2;268439
A10-2004;B00-5;Total;520745
A10-2004;B00-6;C11-1;581704
A10-2004;B00-6;C11-2;612664
A10-2004;B00-6;Total;1194368
A10-2004;B00-7;C11-1;334681
A10-2004;B00-7;C11-2;350824
A10-2004;B00-7;Total;685505
A10-2004;B00-8;C11-1;176867
A10-2004;B00-8;C11-2;181654
A10-2004;B00-8;Total;358521
A10-2004;B00-9;C11-1;771423
A10-2004;B00-9;C11-2;848827
A10-2004;B00-9;Total;1620250
A10-2004;Total;C11-1;3967701
A10-2004;Total;C11-2;4201740
A10-2004;Total;Total;8169441
A10-2005;B00-1;C11-1;136118
A10-2005;B00-1;C11-2;142348
A10-2005;B00-1;Total;278466
A10-2005;B00-2;C11-1;270494
A10-2005;B00-2;C11-2;288599
A10-2005;B00-2;Total;559093
A10-2005;B00-3;C11-1;770742
A10-2005;B00-3;C11-2;803794
A10-2005;B00-3;Total;1574536
A10-2005;B00-4;C11-1;684625
A10-2005;B00-4;C11-2;712947
A10-2005;B00-4;Total;1397572
A10-2005;B00-5;C11-1;253782
A10-2005;B00-5;C11-2;269574
A10-2005;B00-5;Total;523356
A10-2005;B00-6;C11-1;584304
A10-2005;B00-6;C11-2;614239
A10-2005;B00-6;Total;1198543
A10-2005;B00-7;C11-1;337242
A10-2005;B00-7;C11-2;353426
A10-2005;B00-7;Total;690668
A10-2005;B00-8;C11-1;178278
A10-2005;B00-8;C11-2;183113
A10-2005;B00-8;Total;361391
A10-2005;B00-9;C11-1;783367
A10-2005;B00-9;C11-2;858286
A10-2005;B00-9;Total;1641653
A10-2005;Total;C11-1;3998952
A10-2005;Total;C11-2;4226326
A10-2005;Total;Total;8225278
A10-2006;B00-1;C11-1;136749
A10-2006;B00-1;C11-2;142841
A10-2006;B00-1;Total;279590
A10-2006;B00-2;C11-1;270847
A10-2006;B00-2;C11-2;288606
A10-2006;B00-2;Total;559453
A10-2006;B00-3;C11-1;776204
A10-2006;B00-3;C11-2;808321
A10-2006;B00-3;Total;1584525
A10-2006;B00-4;C11-1;687475
A10-2006;B00-4;C11-2;714806
A10-2006;B00-4;Total;1402281
A10-2006;B00-5;C11-1;254743
A10-2006;B00-5;C11-2;270557
A10-2006;B00-5;Total;525300
A10-2006;B00-6;C11-1;586128
A10-2006;B00-6;C11-2;615367
A10-2006;B00-6;Total;1201495
A10-2006;B00-7;C11-1;339721
A10-2006;B00-7;C11-2;355575
A10-2006;B00-7;Total;695296
A10-2006;B00-8;C11-1;179368
A10-2006;B00-8;C11-2;184021
A10-2006;B00-8;Total;363389
A10-2006;B00-9;C11-1;791281
A10-2006;B00-9;C11-2;865338
A10-2006;B00-9;Total;1656619
A10-2006;Total;C11-1;4022516
A10-2006;Total;C11-2;4245432
A10-2006;Total;Total;8267948
A10-2007;B00-1;C11-1;137259
A10-2007;B00-1;C11-2;143210
A10-2007;B00-1;Total;280469
A10-2007;B00-2;C11-1;271240
A10-2007;B00-2;C11-2;288589
A10-2007;B00-2;Total;559829
A10-2007;B00-3;C11-1;780102
A10-2007;B00-3;C11-2;812398
A10-2007;B00-3;Total;1592500
A10-2007;B00-4;C11-1;689177
A10-2007;B00-4;C11-2;715950
A10-2007;B00-4;Total;1405127
A10-2007;B00-5;C11-1;255004
A10-2007;B00-5;C11-2;270822
A10-2007;B00-5;Total;525826
A10-2007;B00-6;C11-1;587058
A10-2007;B00-6;C11-2;616074
A10-2007;B00-6;Total;1203132
A10-2007;B00-7;C11-1;341037
A10-2007;B00-7;C11-2;356826
A10-2007;B00-7;Total;697863
A10-2007;B00-8;C11-1;180008
A10-2007;B00-8;C11-2;184977
A10-2007;B00-8;Total;364985
A10-2007;B00-9;C11-1;795663
A10-2007;B00-9;C11-2;869795
A10-2007;B00-9;Total;1665458
A10-2007;Total;C11-1;4036548
A10-2007;Total;C11-2;4258641
A10-2007;Total;Total;8295189
A10-2008;B00-1;C11-1;137906
A10-2008;B00-1;C11-2;143985
A10-2008;B00-1;Total;281891
A10-2008;B00-2;C11-1;271249
A10-2008;B00-2;C11-2;288474
A10-2008;B00-2;Total;559723
A10-2008;B00-3;C11-1;783368
A10-2008;B00-3;C11-2;816277
A10-2008;B00-3;Total;1599645
A10-2008;B00-4;C11-1;690957
A10-2008;B00-4;C11-2;716852
A10-2008;B00-4;Total;1407809
A10-2008;B00-5;C11-1;255355
A10-2008;B00-5;C11-2;270960
A10-2008;B00-5;Total;526315
A10-2008;B00-6;C11-1;587692
A10-2008;B00-6;C11-2;616570
A10-2008;B00-6;Total;1204262
A10-2008;B00-7;C11-1;342532
A10-2008;B00-7;C11-2;358030
A10-2008;B00-7;Total;700562
A10-2008;B00-8;C11-1;180520
A10-2008;B00-8;C11-2;185877
A10-2008;B00-8;Total;366397
A10-2008;B00-9;C11-1;800636
A10-2008;B00-9;C11-2;874301
A10-2008;B00-9;Total;1674937
A10-2008;Total;C11-1;4050215
A10-2008;Total;C11-2;4271326
A10-2008;Total;Total;8321541
A10-2009;B00-1;C11-1;138461
A10-2009;B00-1;C11-2;144749
A10-2009;B00-1;Total;283210
A10-2009;B00-2;C11-1;270918
A10-2009;B00-2;C11-2;287895
A10-2009;B00-2;Total;558813
A10-2009;B00-3;C11-1;785749
A10-2009;B00-3;C11-2;818832
A10-2009;B00-3;Total;1604581
A10-2009;B00-4;C11-1;691988
A10-2009;B00-4;C11-2;717138
A10-2009;B00-4;Total;1409126
A10-2009;B00-5;C11-1;255480
A10-2009;B00-5;C11-2;271038
A10-2009;B00-5;Total;526518
A10-2009;B00-6;C11-1;588126
A10-2009;B00-6;C11-2;616504
A10-2009;B00-6;Total;1204630
A10-2009;B00-7;C11-1;343601
A10-2009;B00-7;C11-2;359116
A10-2009;B00-7;Total;702717
A10-2009;B00-8;C11-1;181021
A10-2009;B00-8;C11-2;186569
A10-2009;B00-8;Total;367590
A10-2009;B00-9;C11-1;805851
A10-2009;B00-9;C11-2;878447
A10-2009;B00-9;Total;1684298
A10-2009;Total;C11-1;4061195
A10-2009;Total;C11-2;4280288
A10-2009;Total;Total;8341483
A10-2010;B00-1;C11-1;138799
A10-2010;B00-1;C11-2;145243
A10-2010;B00-1;Total;284042
A10-2010;B00-2;C11-1;270334
A10-2010;B00-2;C11-2;287163
A10-2010;B00-2;Total;557497
A10-2010;B00-3;C11-1;787259
A10-2010;B00-3;C11-2;820169
A10-2010;B00-3;Total;1607428
A10-2010;B00-4;C11-1;692617
A10-2010;B00-4;C11-2;717397
A10-2010;B00-4;Total;1410014
A10-2010;B00-5;C11-1;255683
A10-2010;B00-5;C11-2;271431
A10-2010;B00-5;Total;527114
A10-2010;B00-6;C11-1;588869
A10-2010;B00-6;C11-2;616645
A10-2010;B00-6;Total;1205514
A10-2010;B00-7;C11-1;344673
A10-2010;B00-7;C11-2;360303
A10-2010;B00-7;Total;704976
A10-2010;B00-8;C11-1;181690
A10-2010;B00-8;C11-2;187204
A10-2010;B00-8;Total;368894
A10-2010;B00-9;C11-1;811849
A10-2010;B00-9;C11-2;883741
A10-2010;B00-9;Total;1695590
A10-2010;Total;C11-1;4071773
A10-2010;Total;C11-2;4289296
A10-2010;Total;Total;8361069
A10-2011;B00-1;C11-1;139218
A10-2011;B00-1;C11-2;145788
A10-2011;B00-1;Total;285006
A10-2011;B00-2;C11-1;269801
A10-2011;B00-2;C11-2;286597
A10-2011;B00-2;Total;556398
A10-2011;B00-3;C11-1;789799
A10-2011;B00-3;C11-2;822086
A10-2011;B00-3;Total;1611885
A10-2011;B00-4;C11-1;694226
A10-2011;B00-4;C11-2;718079
A10-2011;B00-4;Total;1412305
A10-2011;B00-5;C11-1;256432
A10-2011;B00-5;C11-2;272167
A10-2011;B00-5;Total;528599
A10-2011;B00-6;C11-1;590251
A10-2011;B00-6;C11-2;616951
A10-2011;B00-6;Total;1207202
A10-2011;B00-7;C11-1;346503
A10-2011;B00-7;C11-2;361926
A10-2011;B00-7;Total;708429
A10-2011;B00-8;C11-1;182195
A10-2011;B00-8;C11-2;187901
A10-2011;B00-8;Total;370096
A10-2011;B00-9;C11-1;818763
A10-2011;B00-9;C11-2;889851
A10-2011;B00-9;Total;1708614
A10-2011;Total;C11-1;4087188
A10-2011;Total;C11-2;4301346
A10-2011;Total;Total;8388534
A10-2012;B00-1;C11-1;139681
A10-2012;B00-1;C11-2;146462
A10-2012;B00-1;Total;286143
A10-2012;B00-2;C11-1;269653
A10-2012;B00-2;C11-2;286098
A10-2012;B00-2;Total;555751
A10-2012;B00-3;C11-1;792620
A10-2012;B00-3;C11-2;823541
A10-2012;B00-3;Total;1616161
A10-2012;B00-4;C11-1;697074
A10-2012;B00-4;C11-2;719313
A10-2012;B00-4;Total;1416387
A10-2012;B00-5;C11-1;257452
A10-2012;B00-5;C11-2;273075
A10-2012;B00-5;Total;530527
A10-2012;B00-6;C11-1;591964
A10-2012;B00-6;C11-2;617502
A10-2012;B00-6;Total;1209466
A10-2012;B00-7;C11-1;349030
A10-2012;B00-7;C11-2;363819
A10-2012;B00-7;Total;712849
A10-2012;B00-8;C11-1;182970
A10-2012;B00-8;C11-2;188727
A10-2012;B00-8;Total;371697
A10-2012;B00-9;C11-1;828987
A10-2012;B00-9;C11-2;898343
A10-2012;B00-9;Total;1727330
A10-2012;Total;C11-1;4109431
A10-2012;Total;C11-2;4316880
A10-2012;Total;Total;8426311
